"prey2avgOffs","prey2convRate","prey2catchProb","prey2maxCons","prey2resAva","replicatesNb","densityDevMean","densDevICinf","densDevICsup","amplitudeDevMean","ampldevICinf","ampldevICsup"
1,100,0.1,10,100,30,7.11507675693612e-17,-0.00460125616194973,0.00431599229287098,-6.10649768598148e-17,-0.108542713567839,0.104723618090452
1,100,0.1,15,100,30,0.120885819382929,0.117731902009359,0.1237044265946,-0.2078391959799,-0.258693467336683,-0.159195979899498
1,100,0.1,20,100,30,0.213972924955584,0.209949203012787,0.218149788554413,-0.281005025125628,-0.335477386934673,-0.21929648241206
1,100,0.1,25,100,24,0.265181542927208,0.261245401996847,0.268742336661412,-0.360804020100503,-0.417085427135678,-0.311306532663317
1,100,0.1,30,100,8,0.278128518879964,0.275328428796637,0.28083101869229,-0.382663316582915,-0.431658291457286,-0.322361809045226
1,100,0.1,5,100,30,-0.267208167554988,-0.282815604434101,-0.251256412181268,6.96321608040201,6.87557788944724,7.04824120603015
