"prey2avgOffs","prey2convRate","prey2catchProb","prey2maxCons","prey2resAva","replicatesNb","densityDevMean","densDevICinf","densDevICsup","amplitudeDevMean","ampldevICinf","ampldevICsup"
1,100,0.1,10,100,30,-37.3615384615338,-41.9679487179441,-32.8448717948672,161.53333333333,142.999999999997,179.266666666663
1,100,0.2,10,100,30,108.351282051287,97.6730769230815,119.182051282056,629.43333333333,583.43333333333,672.666666666663
1,100,0.3,10,100,17,210.118778280548,199.430995475118,217.611990950231,778.574509803918,749.162745098036,807.515686274506
1,100,0.4,10,100,1,225.173076923081,5,220,796.63333333333,35,777
