"prey2avgOffs","prey2convRate","prey2catchProb","prey2maxCons","prey2resAva","replicatesNb","densityDevMean","densDevICinf","densDevICsup","amplitudeDevMean","ampldevICinf","ampldevICsup"
1,100,0.1,10,100,30,7.11507675693612e-17,-0.00412982008357724,0.00432500062557872,-6.10649768598148e-17,-0.101306532663317,0.108140703517588
1,150,0.1,10,100,30,-0.189278082226059,-0.196656907639567,-0.181085504091284,2.83698492462312,2.53065326633166,3.10592964824121
1,200,0.1,10,100,30,-0.296247028501364,-0.311316968195581,-0.281520406375898,6.91236180904523,6.83236180904523,6.99899497487437
1,250,0.1,10,100,18,-0.167975377223932,-0.19090658859445,-0.146694025306742,7.93333333333333,7.81206030150754,8.0391959798995
1,50,0.1,10,100,30,0.165531116282561,0.161993844305983,0.169207516953182,-0.157587939698493,-0.21427135678392,-0.0968844221105528
