"prey2avgOffs","prey2convRate","prey2catchProb","prey2maxCons","prey2resAva","replicatesNb","densityDevMean","densDevICinf","densDevICsup","amplitudeDevMean","ampldevICinf","ampldevICsup"
1,100,0.1,10,100,30,4.63842293205984e-12,-6.04871794871332,5.308974358979,136.466666666663,119.499999999997,153.33333333333
1,150,0.1,10,100,30,-242.439743589739,-251.096153846149,-233.014102564098,606.93333333333,559.666666666663,652.53333333333
1,200,0.1,10,100,30,-379.452564102559,-397.980769230765,-359.37179487179,1282.76666666666,1269.1,1295.6
1,250,0.1,10,100,18,-215.153846153842,-246.153846153842,-186.502136752132,1452.07777777777,1431.13333333333,1468.68888888889
1,50,0.1,10,100,30,212.023076923082,207.151282051287,216.994871794876,110.33333333333,100.499999999997,119.966666666663
