"prey2avgOffs","prey2convRate","prey2catchProb","prey2maxCons","prey2resAva","replicatesNb","densityDevMean","densDevICinf","densDevICsup","amplitudeDevMean","ampldevICinf","ampldevICsup"
1,100,0.1,10,100,30,4.63842293205984e-12,-5.04999999999537,5.50128205128667,136.466666666663,118.966666666663,153.23333333333
1,100,0.1,10,150,30,-267.710256410252,-276.301282051277,-259.346153846149,722.03333333333,680.33333333333,762.199999999997
1,100,0.1,10,200,30,-380.95897435897,-401.499999999995,-361.857692307688,1287.6,1267.33333333333,1305.53333333333
1,100,0.1,10,50,30,281.100000000005,275.964102564107,286.288461538466,94.33333333333,86.4999999999967,102.466666666663
