"prey2avgOffs","prey2convRate","prey2catchProb","prey2maxCons","prey2resAva","replicatesNb","densityDevMean","densDevICinf","densDevICsup","amplitudeDevMean","ampldevICinf","ampldevICsup"
1,100,0.1,10,100,30,7.11507675693612e-17,-0.00443310061807164,0.00438105247353809,-6.10649768598148e-17,-0.104924623115578,0.106532663316583
1,100,0.1,10,150,30,-0.209007331781898,-0.21564747391337,-0.20298075720041,3.53105527638191,3.26110552763819,3.7929648241206
1,100,0.1,10,200,30,-0.297423116382654,-0.312941470860546,-0.28137727397843,6.94150753768844,6.83075376884422,7.05246231155779
1,100,0.1,10,50,30,0.219461001426319,0.215297149863624,0.223990190926607,-0.254070351758794,-0.300904522613065,-0.206030150753769
